file,format
The Village (2004 film).tar.gz,2
The Goonies.tar.gz,2
Star Wars Episode III: Revenge of the Sith.tar.gz,2
Dracula (1958 film).tar.gz,2
Spaceballs.tar.gz,3
Monty Pythons The Meaning of Life.tar.gz,2
Solarbabies.tar.gz,2
Benny & Joon.tar.gz,2
Lawn Dogs.tar.gz,0
Poetic Justice (film).tar.gz,2
Spider-Man (2002 film).tar.gz,0
I Know What You Did Last Summer.tar.gz,4
The Jerk.tar.gz,0
Mary Poppins (film).tar.gz,2
The Jolson Story.tar.gz,5
The Old Dark House.tar.gz,2
The Forsaken (film).tar.gz,3
Aladdin (1992 Disney film).tar.gz,2
The Craft (film).tar.gz,2
The NeverEnding Story (film).tar.gz,2
The Great Train Robbery (1903 film).tar.gz,0
The Rescuers Down Under.tar.gz,2
Mulan (1998 film).tar.gz,2
Millers Crossing.tar.gz,5
The Scarlet Letter (1926 film).tar.gz,0
Napoleon Dynamite.tar.gz,2
True Grit (2010 film).tar.gz,5
Harvey (film).tar.gz,4
The Passion of Joan of Arc.tar.gz,0
The Ninth Gate.tar.gz,2
Friday the 13th: The Final Chapter.tar.gz,2
Planet of the Apes (2001 film).tar.gz,5
Star Trek VI: The Undiscovered Country.tar.gz,5
Working Girl.tar.gz,5
Dracula (1931 film).tar.gz,2
The Thin Man (film).tar.gz,5
The Running Man (1987 film).tar.gz,5
The Constant Gardener (film).tar.gz,0
Nosferatu.tar.gz,2
Star Wars (film).tar.gz,2
The Little Mermaid (1989 film).tar.gz,2
Bram Stokers Dracula.tar.gz,2
Legend (1985 film).tar.gz,2
Armageddon (1998 film).tar.gz,0
Braveheart.tar.gz,5
Pump Up the Volume (film).tar.gz,4
Monty Python Live at the Hollywood Bowl.tar.gz,2
La Jetée.tar.gz,0
Monty Pythons Life of Brian.tar.gz,2
Romy and Micheles High School Reunion.tar.gz,6
Pokémon: Mewtwo Returns.tar.gz,5
The Amityville Horror (1979 film).tar.gz,0
Things to Come.tar.gz,2
The White Ribbon.tar.gz,2
The Deep End of the Ocean (film).tar.gz,5
Practical Magic.tar.gz,2
Dawn of the Dead.tar.gz,2
This Is Spinal Tap.tar.gz,2
Count Dracula (1970 film).tar.gz,2
The Artist (film).tar.gz,0
Star Wars Episode I: The Phantom Menace.tar.gz,3
The Company of Wolves.tar.gz,2
E.T. the Extra-Terrestrial.tar.gz,0
Westworld.tar.gz,5
Back to the Future Part III.tar.gz,2
Return of the Jedi.tar.gz,2
When Harry Met Sally....tar.gz,2
Phantasm (film).tar.gz,2
The Morgue.tar.gz,5
"The Adventures of Priscilla, Queen of the Desert.tar.gz",2
Dracula (1979 film).tar.gz,2
The Stone Tape.tar.gz,2
The 40-Year-Old Virgin.tar.gz,0
Poltergeist (1982 film).tar.gz,0
The Blair Witch Project.tar.gz,2
The Jazz Singer.tar.gz,0
9 (2009 animated film).tar.gz,0
Nightbreed.tar.gz,2
An American Tragedy (film).tar.gz,0
Withnail and I.tar.gz,2
Labyrinth (film).tar.gz,2